Algorithm,Tau_Mean,Tau_SD,Tau_95CI_Lower,Tau_95CI_Upper,MAE_Mean,MAE_SD,MAE_95CI_Lower,MAE_95CI_Upper,N_Observations
TEMPO,0.10465948372615028,0.02271326823975568,0.10255525128329869,0.10676371616900186,3.3244010416666665,0.7228969621636671,3.2574294713683356,3.3913726119649974,450
SA-EBM,0.19690864197530858,0.07216504017219386,0.1902230334945252,0.20359425045609195,8.329488827670646,4.675915238411354,7.896296543723265,8.762681111618027,450
DEBM GMM,0.21175757575757567,0.05754391162241123,0.206426517080933,0.21708863443421836,9.330045913682277,5.539299976525307,8.816866806287692,9.843225021076861,450
DEBM,0.24474208754208748,0.047238019822237014,0.24036580083615078,0.2491183742480242,7.3122681359045,2.515435911921126,7.079229816720042,7.545306455088958,450
UCL GMM,0.29684354657687984,0.15259985548503022,0.28270619023975774,0.31098090291400193,21.925200489745944,14.47258270390754,20.584412465056875,23.265988514435012,450
UCL KDE,0.5014675645342312,0.04936209267088391,0.49689449668029223,0.5060406323881702,44.59205081114172,8.503652868994877,43.80424422774712,45.379857394536316,450
