{
    "Bio_001": {"theta_mean": 20.541, "theta_std": 4.256945, "phi_mean": 10.500215, "phi_std": 0.527234},
    "Bio_002": {"theta_mean": 68.333962, "theta_std": 16.6209, "phi_mean": 176.08165, "phi_std": 46.324387},
    "Bio_003": {"theta_mean": 0.003519052, "theta_std": 0.000860881, "phi_mean": 0.004184308, "phi_std": 0.00115021},
    "Bio_004": {"theta_mean": 0.004612001, "theta_std": 0.001015558, "phi_mean": 0.005423422, "phi_std": 0.001063025},
    "Bio_005": {"theta_mean": 0.009033717, "theta_std": 0.00205762, "phi_mean": 0.010752279, "phi_std": 0.002569671},
    "Bio_006": {"theta_mean": 0.012850245, "theta_std": 0.003117539, "phi_mean": 0.013795676, "phi_std": 0.003084174},
    "Bio_007": {"theta_mean": 0.005304809, "theta_std": 0.001220203, "phi_mean": 0.006393781, "phi_std": 0.001336713},
    "Bio_008": {"theta_mean": 0.010989705, "theta_std": 0.002234842, "phi_mean": 0.012975248, "phi_std": 0.0027875},
    "Bio_009": {"theta_mean": 0.004081745, "theta_std": 0.00085496, "phi_mean": 0.004980886, "phi_std": 0.001044265},
    "Bio_010": {"theta_mean": 0.007389059, "theta_std": 0.001516638, "phi_mean": 0.008834868, "phi_std": 0.002096157},
    "Bio_011": {"theta_mean": 0.544767, "theta_std": 0.106569, "phi_mean": 0.575137, "phi_std": 0.048307},
    "Bio_012": {"theta_mean": 0.519723, "theta_std": 0.145399, "phi_mean": 0.404133, "phi_std": 0.128246},
    "Bio_013": {"theta_mean": 0.450408, "theta_std": 0.138262, "phi_mean": 0.372606, "phi_std": 0.071269},
    "Bio_014": {"theta_mean": 0.514459, "theta_std": 0.160422, "phi_mean": 0.428473, "phi_std": 0.099699},
    "Bio_015": {"theta_mean": 0.488018, "theta_std": 0.090931, "phi_mean": 0.516494, "phi_std": 0.046165},
    "Bio_016": {"theta_mean": 0.554544, "theta_std": 0.141819, "phi_mean": 0.463114, "phi_std": 0.110562},
    "Bio_017": {"theta_mean": 0.538777, "theta_std": 0.084569, "phi_mean": 0.565358, "phi_std": 0.05473},
    "Bio_018": {"theta_mean": 0.454927, "theta_std": 0.115965, "phi_mean": 0.389629, "phi_std": 0.080754},
    "Bio_019": {"theta_mean": 0.437558, "theta_std": 0.080271, "phi_mean": 0.463611, "phi_std": 0.029116},
    "Bio_020": {"theta_mean": 0.457403, "theta_std": 0.09959, "phi_mean": 0.509167, "phi_std": 0.043973},
    "Bio_021": {"theta_mean": 0.03869, "theta_std": 0.010514, "phi_mean": 0.023504, "phi_std": 0.005257},
    "Bio_022": {"theta_mean": 0.03991, "theta_std": 0.012022, "phi_mean": 0.024097, "phi_std": 0.006136},
    "Bio_023": {"theta_mean": 0.022497, "theta_std": 0.006281, "phi_mean": 0.036577, "phi_std": 0.011147},
    "Bio_024": {"theta_mean": 0.031735, "theta_std": 0.008687, "phi_mean": 0.04152, "phi_std": 0.013603},
    "Bio_025": {"theta_mean": 0.023976, "theta_std": 0.00653, "phi_mean": 0.038567, "phi_std": 0.007756},
    "Bio_026": {"theta_mean": 0.030644, "theta_std": 0.010581, "phi_mean": 0.019335, "phi_std": 0.00574},
    "Bio_027": {"theta_mean": 0.02463, "theta_std": 0.010123, "phi_mean": 0.018156, "phi_std": 0.007087},
    "Bio_028": {"theta_mean": 0.024981, "theta_std": 0.009931, "phi_mean": 0.018234, "phi_std": 0.006895},
    "Bio_029": {"theta_mean": 0.029674, "theta_std": 0.007723, "phi_mean": 0.0387, "phi_std": 0.010172},
    "Bio_030": {"theta_mean": 0.033188, "theta_std": 0.012706, "phi_mean": 0.020365, "phi_std": 0.004798},
    "Bio_031": {"theta_mean": 0.00901, "theta_std": 0.002381, "phi_mean": 0.011894, "phi_std": 0.002861},
    "Bio_032": {"theta_mean": 0.004239, "theta_std": 0.001004, "phi_mean": 0.005378, "phi_std": 0.001203},
    "Bio_033": {"theta_mean": 0.012694, "theta_std": 0.003197, "phi_mean": 0.014611, "phi_std": 0.003648},
    "Bio_034": {"theta_mean": 0.00689, "theta_std": 0.001801, "phi_mean": 0.008778, "phi_std": 0.00192},
    "Bio_035": {"theta_mean": 0.012613, "theta_std": 0.00313, "phi_mean": 0.014685, "phi_std": 0.003342},
    "Bio_036": {"theta_mean": 0.00815, "theta_std": 0.002038, "phi_mean": 0.009863, "phi_std": 0.002393},
    "Bio_037": {"theta_mean": 0.009491, "theta_std": 0.002172, "phi_mean": 0.01161, "phi_std": 0.002565},
    "Bio_038": {"theta_mean": 0.003293, "theta_std": 0.000882, "phi_mean": 0.004066, "phi_std": 0.001084},
    "Bio_039": {"theta_mean": 0.012628, "theta_std": 0.002881, "phi_mean": 0.01369, "phi_std": 0.003222},
    "Bio_040": {"theta_mean": 0.006776, "theta_std": 0.001942, "phi_mean": 0.008666, "phi_std": 0.002038},
    "Bio_041": {"theta_mean": 43.3459, "theta_std": 9.227374, "phi_mean": 24.609876, "phi_std": 6.438157},
    "Bio_042": {"theta_mean": 15.5026, "theta_std": 3.49134, "phi_mean": 21.278316, "phi_std": 4.797427},
    "Bio_043": {"theta_mean": 22.2876, "theta_std": 6.116733, "phi_mean": 15.888316, "phi_std": 3.660027},
    "Bio_044": {"theta_mean": 12.7771, "theta_std": 3.599235, "phi_mean": 21.774071, "phi_std": 4.28527},
    "Bio_045": {"theta_mean": 11.884, "theta_std": 2.871987, "phi_mean": 16.946971, "phi_std": 4.062404},
    "Bio_046": {"theta_mean": 10.8577, "theta_std": 2.940014, "phi_mean": 19.912764, "phi_std": 5.414199},
    "Bio_047": {"theta_mean": 35.1545, "theta_std": 10.126825, "phi_mean": 20.616332, "phi_std": 3.983647},
    "Bio_048": {"theta_mean": 13.4713, "theta_std": 3.284011, "phi_mean": 20.348693, "phi_std": 4.628256},
    "Bio_049": {"theta_mean": 36.7431, "theta_std": 10.076396, "phi_mean": 19.975198, "phi_std": 3.99236},
    "Bio_050": {"theta_mean": 14.9666, "theta_std": 3.73315, "phi_mean": 23.801474, "phi_std": 6.598288},
    "Bio_051": {"theta_mean": 987.912, "theta_std": 256.632, "phi_mean": 1284.414, "phi_std": 319.688},
    "Bio_052": {"theta_mean": 1042.12, "theta_std": 212.727, "phi_mean": 1223.876, "phi_std": 251.576},
    "Bio_053": {"theta_mean": 1123.571, "theta_std": 224.804, "phi_mean": 1421.277, "phi_std": 326.413},
    "Bio_054": {"theta_mean": 626.928, "theta_std": 160.666, "phi_mean": 1141.84, "phi_std": 316.27},
    "Bio_055": {"theta_mean": 480.078, "theta_std": 120.728, "phi_mean": 908.393, "phi_std": 183.661},
    "Bio_056": {"theta_mean": 1110.784, "theta_std": 271.771, "phi_mean": 1327.88, "phi_std": 274.401},
    "Bio_057": {"theta_mean": 528.043, "theta_std": 146.353, "phi_mean": 969.237, "phi_std": 218.354},
    "Bio_058": {"theta_mean": 996.694, "theta_std": 211.581, "phi_mean": 1264.167, "phi_std": 213.608},
    "Bio_059": {"theta_mean": 1004.86, "theta_std": 208.155, "phi_mean": 1288.965, "phi_std": 265.323},
    "Bio_060": {"theta_mean": 608.578, "theta_std": 187.271, "phi_mean": 1037.403, "phi_std": 236.42},
    "Bio_061": {"theta_mean": 0.008412, "theta_std": 0.001743, "phi_mean": 0.01047, "phi_std": 0.00245},
    "Bio_062": {"theta_mean": 0.011847, "theta_std": 0.003285, "phi_mean": 0.014079, "phi_std": 0.004749},
    "Bio_063": {"theta_mean": 0.010401, "theta_std": 0.002269, "phi_mean": 0.012428, "phi_std": 0.002876},
    "Bio_064": {"theta_mean": 0.006387, "theta_std": 0.001646, "phi_mean": 0.008194, "phi_std": 0.002001},
    "Bio_065": {"theta_mean": 0.01221, "theta_std": 0.003096, "phi_mean": 0.01411, "phi_std": 0.004078},
    "Bio_066": {"theta_mean": 0.011685, "theta_std": 0.003353, "phi_mean": 0.013584, "phi_std": 0.004517},
    "Bio_067": {"theta_mean": 0.008924, "theta_std": 0.002273, "phi_mean": 0.011058, "phi_std": 0.003804},
    "Bio_068": {"theta_mean": 0.007395, "theta_std": 0.00193, "phi_mean": 0.009258, "phi_std": 0.002157},
    "Bio_069": {"theta_mean": 0.011801, "theta_std": 0.002911, "phi_mean": 0.013115, "phi_std": 0.003283},
    "Bio_070": {"theta_mean": 0.006359, "theta_std": 0.001545, "phi_mean": 0.008213, "phi_std": 0.002216},
    "Bio_071": {"theta_mean": 0.028791, "theta_std": 0.01337, "phi_mean": 0.021198, "phi_std": 0.007672},
    "Bio_072": {"theta_mean": 0.029516, "theta_std": 0.009171, "phi_mean": 0.021115, "phi_std": 0.007266},
    "Bio_073": {"theta_mean": 0.037306, "theta_std": 0.013813, "phi_mean": 0.023923, "phi_std": 0.006506},
    "Bio_074": {"theta_mean": 0.023579, "theta_std": 0.007594, "phi_mean": 0.036342, "phi_std": 0.012356},
    "Bio_075": {"theta_mean": 0.039265,