Algorithm,Tau_Mean,Tau_SD,Tau_95CI_Lower,Tau_95CI_Upper,MAE_Mean,MAE_SD,MAE_95CI_Lower,MAE_95CI_Upper,N_Observations
TEMPO,0.07609427609427609,0.04430838690793252,0.0719894002904981,0.08019915189805407,0.6909201388888889,0.1766496766839124,0.6745547274133659,0.707285550364412,450
SA-EBM,0.12077441077441077,0.07976709783852622,0.11338452247774752,0.12816429907107402,0.908475665748393,0.4457391859912848,0.8671809103520112,0.9497704211447748,450
DEBM GMM,0.20026936026936024,0.11265670217259266,0.18983247002908593,0.21070625050963454,1.1745699418426692,0.4784916701652048,1.1302408877687367,1.2188989959166017,450
DEBM,0.2307407407407407,0.09584640048775044,0.22186121255888888,0.2396202689225925,1.2116284052647688,0.43346562996854504,1.1714707127736275,1.25178609775591,450
UCL GMM,0.2315151515151515,0.12652589591865682,0.21979337320290962,0.2432369298273934,1.213507805325987,0.5029654582921779,1.1669114184123834,1.2601041922395904,450
UCL KDE,0.3333333333333333,0.11947873091106867,0.322264427742118,0.34440223892454863,1.9238200183654728,0.5431276351767603,1.873502874285441,1.9741371624455046,450
