model,exp1,exp2,exp3,exp4,exp5,exp6,exp7,exp8,exp9
exp1,0.06212083083809681,0.1486585614873674,0.052585204047642685,0.14261765788098724,0.16190029661182442,0.07681352613027416,0.12017774556078886,0.1581182470409312,0.11705588399133125
exp2,0.07183986817348352,0.06716814541637835,0.06833369680326716,0.0758670630730128,0.15343116508076363,0.08866298181908072,0.07976026558447172,0.19736618837328593,0.1248808406179327
exp3,0.07502491682002557,0.15573292401338518,0.04314083072890176,0.14285378097505239,0.14412178712652515,0.09571983511465935,0.12918676797048692,0.14204210073721324,0.12635576833065743
exp4,0.08714796591618526,0.08368603369547936,0.0433535061791098,0.05966758202117039,0.15987550077265344,0.08589570257985567,0.09430133146886538,0.19200560259368163,0.13802306303286804
exp5,0.08910895543043236,0.15630718750813308,0.0997453388205679,0.16616203344243005,0.05373148707096555,0.0921891814024553,0.13266035388589706,0.09113310673276506,0.1065689679328059
exp6,0.07023113823316558,0.15088188884532847,0.09050425856119379,0.16374240802810128,0.20161911181782619,0.05979184213496529,0.13690427577703873,0.17751419808593652,0.1078533552756628
exp7,0.07846789795505071,0.0775846342321414,0.06119390875230472,0.07125252381552313,0.18995191977588588,0.07021538193719848,0.07614815965074224,0.21680989843033044,0.1383390685944154
exp8,0.09389513491857449,0.15278988494576767,0.12642443346249166,0.11921339947098392,0.0449203384940088,0.07608581403218836,0.11287465735487104,0.09113672383410908,0.09898433605310764
exp9,0.08196997991692759,0.1356631425007163,0.11072840577878788,0.1337151117649242,0.2219212506473084,0.07245081648055199,0.13575139701524996,0.2324684250898844,0.0949136982057882
