model,exp1,exp2,exp3,exp4,exp5,exp6,exp7,exp8,exp9
exp1,0.030506771789227387,0.05660277882147218,0.03794918477385252,0.07439567865106901,0.2278208535205417,0.034561676216448546,0.060253201419094723,0.31745147420757475,0.04299759815693924
exp2,0.03986859629712495,0.044374449820532985,0.046960260377126306,0.05606078975930949,0.1938039090576236,0.04981686784880825,0.0565407987547764,0.2868670852666353,0.1362761954821095
exp3,0.03568595675844526,0.07105538772675861,0.023015119860376573,0.07311214069624483,0.22541168978688333,0.03471084856082461,0.06611412872887401,0.3196333568673107,0.04342956638429774
exp4,0.029994637541567327,0.038577757946816,0.028706376721089777,0.04359362051952097,0.14156066831044561,0.039219282366904674,0.06913449697419516,0.2467227759527444,0.09687965316445772
exp5,0.08034388522207601,0.09000731849584509,0.05688610889106079,0.05947466142453018,0.02860130108628146,0.05225709954757343,0.06272140440322187,0.09322621224950965,0.07544062111656508
exp6,0.06670957262700852,0.07199336015390585,0.043006211056696504,0.06480734105854155,0.16077404150507318,0.02920042941679112,0.059832919711894375,0.2545715697807298,0.07879366497774425
exp7,0.0832467229671272,0.06474370324112608,0.04427280055678232,0.053988390769596245,0.054775873595270023,0.03166390948797226,0.047662211614817304,0.13558583809597335,0.09402873776346582
exp8,0.034398908730874006,0.10650564598627212,0.03761246429979196,0.09487940762983028,0.030816712440249038,0.043563314196121486,0.08320497797232446,0.051470945327345835,0.0453404376159199
exp9,0.03362696265182896,0.05022792007517458,0.030463048344726188,0.06091767658334073,0.35767733232971305,0.03448297318174761,0.06086706859265114,0.42960289276115216,0.034280079315699145
