model,exp1,exp2,exp3,exp4,exp5,exp6,exp7,exp8,exp9
exp1,0.22059572443363615,0.44499010563558666,0.16925359418722086,0.46697233058685605,0.4308348663249279,0.32156602052501854,0.41932932369374043,0.45661550070801943,0.34840993248317775
exp2,0.2298776541584449,0.19006561873951325,0.28401216283355357,0.2727190178784337,0.5484457368812216,0.3026257750160343,0.2902417071985687,0.6275332034173287,0.44271356973079
exp3,0.21634640022033585,0.4536886320033108,0.14350713612440086,0.49934862564050925,0.4647980921459108,0.27479687901217925,0.43336115457398805,0.45911271648586277,0.46201154286852275
exp4,0.25690273253310725,0.21184061249835878,0.20476255782465044,0.1512718846450401,0.5297489344044825,0.32958863009595385,0.38878940619001584,0.5664778296584997,0.37084368220016123
exp5,0.3078786666812779,0.37683025417653404,0.30503023175571625,0.3812221880537291,0.26388813038628484,0.3193677562327526,0.40046349279833326,0.4110685711003451,0.39844708501981235
exp6,0.35120865095595644,0.39945572515383665,0.3390031977102906,0.4418316725069219,0.4359744707020022,0.25726162787780155,0.44133116108852133,0.4906397967503383,0.44556276694738844
exp7,0.27677024775916487,0.23736373548457115,0.34660220127726593,0.2862933978932521,0.46689534506906255,0.22961544903167375,0.27333709958476715,0.5611548613142933,0.40264967671786467
exp8,0.3415720097424947,0.3668918387385724,0.33097984545188475,0.3845819966930147,0.2633216474931003,0.31091600691850946,0.3648983191958842,0.43009258629418484,0.3768899920399528
exp9,0.39243729087864193,0.5401401038606211,0.5161150328359563,0.46002540750427445,0.5408257855181506,0.29166909014884346,0.3835798911581278,0.5742422519147452,0.4075340207737337
